date,BlackBerry,BlackBerry 4.2,BlackBerry 4.3,BlackBerry 4.5,BlackBerry 4.6,BlackBerry 4.7,BlackBerry 5.0,BlackBerry 534.1,BlackBerry 534.11,BlackBerry 534.8,BlackBerry 6.5,BlackBerry 7.0,BlackBerry 7.1,BlackBerry 8.0,Danger,DoCoMo,FreeBSD,Java ME,Linux,Linux Android,Linux Android 0.5,Linux Android 1.1,Linux Android 1.5,Linux Android 1.6,Linux Android 2.0,Linux Android 2.1,Linux Android 2.2,Linux Android 2.3,Linux Android 3.1,Linux Android 3.2,Linux Android 4.0,Linux Android 4.1,Linux Android 4.2,Linux Android 4.3,Linux Android 4.4,Linux Android 5.0,Linux Android 5.1,Linux Arch,Linux CentOS,Linux CentOS 3.0,Linux Debian,Linux Debian 2.0,Linux Debian 3.0,Linux Debian 3.5,Linux Epiphany,Linux Fedora,Linux Fedora 2.0,Linux Fedora 3.0,Linux Fedora 3.5,Linux Fedora 3.6,Linux Gentoo,Linux Kubuntu,Linux Mandriva,Linux Mandriva 1.9,Linux Mint,Linux Mips,Linux Motor,Linux Oracle,Linux Other,Linux PCLinuxOS,Linux Red Hat,Linux SUSE,Linux SUSE 2.0,Linux SUSE 3.0,Linux SUSE 3.5,Linux SUSE 3.6,Linux Slackware,Linux Ubuntu,Linux Ubuntu 10.04,Linux Ubuntu 10.10,Linux Ubuntu 11.04,Linux Ubuntu 6,Linux Ubuntu 7.10,Linux Ubuntu 8.04,Linux Ubuntu 8.10,Linux Ubuntu 9.04,Linux Ubuntu 9.10,Linux Xubuntu,Linux armv7 Android,Linux i686 Other,Linux i686 Ubuntu,Linux i686 Ubuntu 10.04,Linux i686 Ubuntu 10.10,Linux i686 Ubuntu 11.04,Linux i686 Ubuntu 11.10,Linux i686 Ubuntu 12.04,Linux i686 Ubuntu 8.04,Linux i686 Ubuntu 9.04,Linux i686 Ubuntu 9.10,Linux openSUSE,Linux x86.64 Fedora,Linux x86.64 Other,Linux x86.64 Ubuntu,Linux x86.64 Ubuntu 10.04,Linux x86.64 Ubuntu 10.10,Linux x86.64 Ubuntu 11.04,Linux x86.64 Ubuntu 11.10,Linux x86.64 Ubuntu 12.04,Linux x86.64 Ubuntu 12.10,Mac,Mac Intel,Mac Intel OS X,Mac Intel OS X 10.10,Mac Intel OS X 10.4,Mac Intel OS X 10.5,Mac Intel OS X 10.6,Mac Intel OS X 10.6.7,Mac Intel OS X 10.6.8,Mac Intel OS X 10.7,Mac Intel OS X 10.8,Mac Intel OS X 10.9,Mac PowerPC,Mac PowerPC OS X,Mac PowerPC OS X 10.4,Mac PowerPC OS X 10.5,Mac PowerPC OS X Mach-O,Mobile other,Nokia,OpenBSD,Other,PlayStation,Samsung,SonyEricsson,SunOS,SymbianOS,SymbianOS 9.2,SymbianOS 9.3,SymbianOS 9.4,Wii,WikipediaApp/4.0.1 (iPhone OS 7.1.2_ Phone) en-us https=1,WikipediaApp/4.0.1 (iPhone OS 7.1.2_ Phone) en-us https=1_php=zend,WikipediaApp/4.0.3 (iPhone OS 8.0.2_ Phone) en-us https=1_php=zend,WikipediaApp/4.0.6 (iPhone OS 8.1.2_ Phone) en_q=1 -,WikipediaApp/4.0.6 (iPhone OS 8.1.2_ Phone) en_q=1 - (null),WikipediaApp/4.0.6 (iPhone OS 8.1.3_ Phone) en_q=1 - (null),WikipediaApp/4.0.6 (iPhone OS 8.1.3_ Phone) en_q=1 https=1 (null),WikipediaApp/4.0.6 (iPhone OS 8.2_ Phone) en_q=1 - (null),WikipediaApp/4.1.2 (iPhone OS 8.3_ Phone) en_q=1 - (null),WikipediaApp/4.1.3 (iPhone OS 8.3_ Phone) en_q=1 - (null),WikipediaApp/4.1.4.130 (iPhone OS 8.3_ Phone) en-us https=1 (null),WikipediaApp/4.1.4.130 (iPhone OS 8.3_ Phone) en_q=1 - (null),Windows,Windows 32,Windows 98,Windows 9x,Windows CE,Windows NT,Windows NT 10.0,Windows NT 4.0,Windows NT 5.0,Windows NT 5.1,Windows NT 5.2,Windows NT 6.0,Windows NT 6.1,Windows NT 6.2,Windows NT 6.3,Windows XP,iOS OS X,iPad,iPad OS 1.X,iPhone,iPhone OS 1.X,iPhone OS 2.0,iPhone OS 2.1,iPhone OS 2.2,iPhone OS 3.0,iPhone OS 3.1,iPhone OS 4.0,iPhone OS 4.1,iPhone OS 4.2,iPhone OS 4.3,iPhone OS 5.0,iPhone OS 5.1,iPhone OS 6.0,iPhone OS 6.1,iPhone OS 7.0,iPhone OS 7.1,iPhone OS 8.0,iPhone OS 8.1,iPhone OS 8.2,iPhone OS 8.3,webOS 1.3,webOS 1.4
Jul  2015,,,,,,,,,,,,,,,,,,,,,,,,,,,,,,,,,,,,,,,,,,,,,,,,,,,,,,,,,,,,,,,,,,,,,,,,,,,,,,,,,,,,,,,,,,,,,,,,,,,,,,,,,,,,,,,,,,,,,,,,,,,,,,,,,,,,,,,,,,,,,,,,,,,,,,,,,,,,,,,,,,,,,,,,,,,,,,,,,,,,,,,
Jun  2015,0.39,,,,,,0.04,,0.22,0.08,,,,0.03,,0.01,0,0.49,16.36,15.01,,,,,,,0.06,0.68,,,0.54,1.81,2.28,0.8,6.01,2.42,0.31,0,0,,0,,,,0,0.02,,,,,0,0,0,,0,0,0,0,0.84,0,0,0,,,,,0,0.48,,,,,,,,,,0,,0.18,0.16,,,,,,,,,0,0.02,0.54,0.3,,,,,,,5.4,5.38,,2.89,0.02,0.08,0.48,,,0.36,0.36,1.16,0.02,,,,,1.47,0.06,0,3.27,0.03,0.06,,0,0.01,,,,0.02,,,,,,,,,,,0.02,0.02,41.66,,0.05,,0.3,,0.1,,0.02,3.88,0.07,1.15,25.42,1.35,8.44,,0.33,7.28,2.33,23.16,7.3,,,,,,,,,,,,,,0.05,0.06,,0.05,0.02,0.29,,
May  2015,0.21,,,,,,0.02,,0.11,0.03,,,,0.03,,0,0,0.41,16.28,14.94,,,,,,,0.06,0.7,,,0.56,1.91,2.34,0.85,6.21,1.95,0.28,0,0,,0,,,,0,0.02,,,,,0,0,0,,0,0,0,0,0.82,0,0,0,,,,,0,0.49,,,,,,,,,,0,,0.17,0.17,,,,,,,,,0,,0.53,0.3,,,,,,,5.73,5.71,,2.97,0.02,0.09,0.5,,,0.39,0.4,1.32,0.02,,,,,1.41,0.1,0,3.02,0.03,0.04,,0,0.01,,,,0.02,,,,,,,,,0.02,0.02,,,42.34,,0.04,,0.32,,0.08,,0.04,4.05,0.06,1.21,25.63,1.42,8.64,,0.27,7.62,2.46,22.49,7.11,,,,,,,,,,,,,,0.05,0.06,,0.05,0.02,0.23,,
Apr  2015,0.23,,,,,,0.03,,0.13,0.03,,,,0.03,,0.01,0,0.36,15.74,14.33,,,,,,,0.06,0.64,,,0.57,1.97,2.33,0.88,6.41,1.19,0.2,0,0,,0,,,,0,0.02,,,,,0,0,0,,0,0,0,0,0.89,0,0,0,,,,,0,0.49,,,,,,,,,,0,,0.19,0.16,,,,,,,,,0,,0.56,0.3,,,,,,,5.68,5.66,,2.82,,0.09,0.5,,,0.39,0.41,1.4,0.02,,,,,1.6,0.22,0,4.34,0.03,0.05,,0,0.02,,,,0.02,,,,,,,,,0.02,,,,41.44,,0.05,,0.04,,0.06,,0.04,4.33,0.08,1.17,25.29,1.44,8.07,,0.32,7.69,2.42,22.25,6.84,,,,,,,,,,,,,0.02,0.05,0.08,,0.09,0.11,0.14,,
Mar  2015,0.24,,,,,,0.03,,0.14,0.03,,,,0.03,,0.01,0,0.35,15.66,14.29,,,,,,,0.06,0.68,,,0.62,2.06,2.37,0.91,6.62,0.84,0.03,0,0,,0,,,,0,0.02,,,,,0,0,0,,0,0,0,0,0.84,0,0,0,,,,,0,0.5,,,,,,,,,,0,,0.19,0.17,,,,,,,,,0,,0.54,0.3,,,,,,,5.7,5.68,,2.64,0.02,0.1,0.54,,,0.42,0.45,1.5,0.02,,,,,1.55,0.26,0,3.91,0.03,0.05,,0,0.02,,,,0.02,,,,,,0.02,,0.02,,,,,42.26,,0.05,,0.03,,0.06,,0.04,4.53,0.08,1.25,25.94,1.51,7.91,,0.34,7.85,2.47,21.72,6.67,,,,,,,,,,,,,0.02,0.05,0.09,,0.2,0.11,,,
Feb  2015,0.24,,,,,,0.03,,0.14,0.03,,,,0.03,,0.01,0,0.33,15.51,14.22,,,,,,,0.07,0.72,,,0.67,2.17,2.43,0.95,6.56,0.57,,0,0,,0,,,,0,0.01,,,,,0,0,0,,0,0,0,0,0.79,0,0,0,,,,,0,0.48,,,,,,,,,,0,,0.18,0.16,,,,,,,,,0,,0.51,0.29,,,,,,,5.58,5.56,,2.39,0.02,0.1,0.57,,,0.43,0.46,1.56,0.02,,,,,1.43,0.25,0,3.6,0.03,0.04,,0,0.02,,,,0.02,,,,,,0.03,0.02,,,,,,41.93,,0.05,,0.03,,0.05,,0.04,4.67,0.11,1.29,25.81,1.55,7.5,,0.29,8.31,2.62,22.39,6.89,,,,,,,,,,,,,0.02,0.05,0.1,0.02,0.29,,,,
Jan  2015,0.24,,,,,,0.03,,0.14,0.04,,,,0.02,,0.01,0,0.31,15.53,14.33,,,,,,,0.07,0.77,,,0.73,2.29,2.44,1.01,6.61,0.32,,0,0,,0,,,,0,0,,,,,0,0,0,,0,0,0,0,0.73,0,0,0,,,,,0,0.46,,,,,,,,,,0,,0.17,0.16,,,,,,,,,0,,0.47,0.28,,,,,,,5.27,5.25,,2.08,0.02,0.1,0.57,,,0.43,0.46,1.56,0.02,,,,,1.29,0.23,0,3.19,0.03,0.05,,0,0.02,,,,0.02,,,,,0.03,,,,,,,,40.36,,0.04,,0.03,,,,0.03,4.58,0.12,1.29,24.89,1.55,6.98,,0.27,8.99,2.79,24.18,7.36,,,,,,,,,,,,,0.02,0.05,0.12,0.02,0.28,,,,
Dec  2014,0.26,,,,,,0.03,,0.15,0.04,,,,0.02,,0.01,0,0.34,15.28,14.06,,,,,,,0.08,0.86,,,0.8,2.43,2.37,1.04,6.1,0.28,,0,0,,0,,,,0,0,,,,,0,0,0,,0,0,0,0,0.75,0,0,0,,,,,0,0.46,,,,,,,,,,0,,0.17,0.17,,,,,,,,,0,,0.47,0.27,,,,,,,5.3,5.28,,1.86,0.02,0.11,0.6,,,0.46,0.47,1.74,0.02,,,,,1.31,0.24,0,3.14,0.03,0.05,,0,0.02,,,,0.02,,,,0.02,,,,,,,,,40.18,,0.04,,0.03,,,,0.04,4.67,0.11,1.32,24.92,1.72,6.5,,0.25,8.84,2.88,24.72,7.97,,,,,,,,,,,,,0.03,0.05,0.15,0.03,0.26,,,,
Nov  2014,0.27,,,,,,0.03,,0.16,0.04,,,,0.02,,0.01,0,0.33,14.93,13.64,,,,,,,0.08,0.96,,0.02,0.87,2.6,2.49,1.07,5.39,0.08,,0,0,,0,,,,0,0,,,,,0,0,0,,0,0,0,0,0.76,0,0,0,,,,,0,0.5,,,,,,,,,,0,,0.21,0.19,,,,,,,,,0,,0.46,0.28,,,,,,,5.55,5.52,,1.58,0.02,0.12,0.67,,,0.51,0.53,2.06,0.03,,,,,1.19,0.22,0,2.91,0.03,0.05,,0,0.02,,,,0.02,,,,,,,,,,,,,42.86,,0.04,,0.03,,,,0.04,5.22,0.08,1.44,26.75,2.17,6.28,,0.22,8.75,2.97,22.64,7.64,,,,,,,,,,,,,0.03,0.05,0.16,0.05,0.19,,,,
Oct  2014,0.29,,,,,,0.03,,0.17,0.05,,,,0.02,,0.01,0,0.32,14.58,13.33,,,,,,0.02,0.09,1.04,,0.02,0.92,2.69,2.52,1.12,4.86,,,0,0,,0,,,,0,0.01,,,,,0,0,0,,0,0,0,0,0.73,0,0,0.01,,,,,0,0.49,,,,,,,,,,0,,0.2,0.18,,,,,,,,,0,,0.44,0.27,,,,,,,5.67,5.65,,0.55,0.02,0.12,0.73,,,0.55,0.59,3.06,0.03,,,,,1.14,0.21,0,2.78,0.03,0.05,,0,0.02,,,,0.02,,,0.02,,,,,,,,,,43.14,,0.03,,0.02,,,,0.04,5.42,0.08,1.47,27.15,2.68,5.41,,0.22,8.76,2.99,22.68,7.72,,,,,,,,,,,,,0.03,0.05,0.21,0.16,0.04,,,,
Sep  2014,0.29,,,,,,0.03,,0.17,0.05,,,,0.02,,0.01,0.01,0.34,13.78,12.62,,,,,,0.02,0.09,1.09,,0.02,0.95,2.7,2.4,1.11,4.17,,,0,0,,0,,,,0,0.01,,,,,0,0,0,,0,0,0,0,0.68,0,0,0,,,,,0,0.45,,,,,,,,,,0,,0.17,0.18,,,,,,,,,0,,0.41,0.26,,,,,,,5.45,5.43,,0.07,0.02,0.13,0.73,,,0.55,0.6,3.29,0.03,,,,,1.09,0.21,0,2.6,0.03,0.04,,0,0.02,,,,0.02,,0.03,,,,,,,,,,,41.74,,0.03,,0.02,,,,0.06,5.41,0.09,1.5,26.3,2.82,4.72,,0.19,9.59,3.25,24.53,8.28,,,,,,,,,,,,,0.03,0.06,0.37,0.06,,,,,
Aug  2014,0.32,,,,,,0.03,,0.19,0.05,,,,0.02,,0.01,0.01,0.34,13.71,12.55,,,,,,0.02,0.1,1.17,,0.02,1.03,2.81,2.38,1.16,3.79,,,0,0,,0,,,,0,0,,,,,0,0,0,,0,0,0,0,0.71,0,0,0,,,,,0,0.43,,,,,,,,,,0,,0.15,0.17,,,,,,,,,0,,0.41,0.24,,,,,,,4.85,4.83,,0.06,0.02,0.13,0.69,,,0.52,0.57,2.81,0.03,,,,,1.12,0.23,0,2.56,0.03,0.05,,0,0.02,,,,0.02,0.06,,,,,,,,,,,,39.29,,0.03,,0.03,,,,0.05,5.23,0.09,1.53,24.75,2.73,4.09,,0.19,10.13,3.32,27.04,8.8,,,,,,,,,,,,,0.04,0.08,0.49,,,,,,
Jul  2014,0.34,,,,,,0.04,,0.2,0.06,,,,0.02,,0.01,0.01,0.36,13.47,12.25,,,,,,0.02,0.11,1.25,,0.02,1.05,2.89,2.26,1.3,3.3,,,0,0,,0,,,,0,0,,,,,0,0,0,,0,0,0,0,0.79,0,0,0,,,,,0,0.42,,,,,,,,,,0,,0.16,0.17,,,,,,,,,0,,0.42,0.23,,,,,,,4.9,4.87,,0.02,0.02,0.13,0.73,,,0.55,0.61,2.77,0.03,,,,,1.08,0.23,0,2.31,0.03,0.06,,0,0.03,,,,0.02,,,,,,,,,,,,,38.72,,0.03,,0.05,,,,0.04,5.31,0.09,1.54,24.5,2.73,3.65,,0.11,10.17,3.31,28.1,9.07,,,,,,,,,,,,,0.05,0.09,0.51,,,,,,
Jun  2014,0.36,,,,,,0.04,,0.22,0.06,,,0.02,0.02,,0.01,0.01,0.36,13.1,11.88,,,,,,0.02,0.12,1.36,,0.02,1.13,2.97,2.2,1.49,2.52,,,0,0,,0,,,,0,0,,,,,0,0,0,,0,0,0,0,0.77,0,0,0,,,,,0,0.43,,,,,,,,,,0,,0.17,0.18,,,,,,,,,0,,0.4,0.23,,,,,,,4.91,4.88,,,0.02,0.14,0.77,,,0.59,0.67,2.65,0.03,,,,,0.89,0.23,0,2.2,0.03,0.07,,0,0.03,,,,0.02,,,,,,,,,,,,,40.03,,0.03,,0.05,,,,0.05,5.69,0.09,1.64,25.27,3.01,3.43,,0.11,10.27,3.4,27.35,8.97,,,,,,,,,,,,,0.06,0.11,0.49,,,,,,
May  2014,0.37,,,,,,0.04,,0.23,0.06,,,0.02,,,0.01,0.01,0.35,12.24,10.98,,,,,,0.02,0.12,1.37,,0.02,1.15,2.93,2,1.56,1.75,,,0,0,,0,,,,0,0,,,,,0,0,0,,0,0,0,0,0.78,0,0,0.01,,,,,0,0.46,,,,,,,,,,0,,0.18,0.2,,,,,,,,,0,,0.4,0.24,,,,,,,5.43,5.39,,,0.02,0.16,0.88,,,0.7,0.83,2.76,0.03,,0.02,,,0.78,0.22,0,2.29,0.03,0.08,,0,0.03,,,,0.02,,,,,,,,,,,,,43.28,,0.03,,0.05,,,,0.05,6.45,0.1,1.82,27.32,3.39,3.36,,0.11,10.23,3.59,24.5,8.54,,,,,,,,,,,,,0.06,0.12,0.4,,,,,,
Apr  2014,0.38,,,,,,0.04,,0.23,0.07,,,0.02,,,0.01,0.01,0.35,12.35,11.02,,,,,,0.02,0.13,1.44,,0.02,1.23,3.1,1.91,1.84,1.27,,,0,0,,0,,,,0,0,,,,,0,0,0,,0,0,0,0,0.83,0,0,0,,,,,0,0.48,,,,,,,,,,0,,0.19,0.21,,,,,,,,,0,,0.44,0.25,,,,,,,5.65,5.62,,,0.03,0.17,0.97,,,0.77,0.94,2.71,0.04,,0.02,,,0.75,0.23,0,2.57,0.03,0.08,,0,0.03,,,0.02,0.02,,,,,,,,,,,,,43.44,,0.04,,0.04,,,,0.05,6.81,0.1,1.88,27.33,3.43,3.04,,0.12,10.06,3.54,23.86,8.32,,,,,,,,,,,0.02,,0.07,0.17,0.42,,,,,,
Mar  2014,0.39,,,,,,0.04,,0.23,0.07,,,0.03,,,0,0.01,0.37,12.62,11.25,,,,,,0.03,0.14,1.48,,0.03,1.32,3.26,1.87,2.17,0.9,,,0,0,,0,,,,0,0,,,,,0,0,0,,0,0,0,0,0.85,0,0,0,,,,,0,0.51,,,,,,,,,,0,,0.21,0.22,,,,,,,,,0,,0.45,0.26,,,,,,,5.78,5.74,,,0.03,0.19,1.04,,,0.84,1.01,2.59,0.04,,0.02,,,0.72,0.23,0,2.62,0.03,0.09,,0,0.03,,,0.02,0.02,,,,,,,,,,,,,44.39,,0.04,,0.04,,,,0.06,7.42,0.1,2.03,27.73,3.56,2.73,,0.12,10.1,3.58,22.42,7.84,,,,,,,,,,,0.02,0.02,0.09,0.41,0.22,,,,,,
Feb  2014,0.39,,,,,,0.05,,0.23,0.07,,,0.03,,,0,0.01,0.42,12.38,11.03,,,,,,0.03,0.15,1.55,,0.03,1.39,3.36,1.77,2.15,0.55,,,0,0,,0,,,,0,0,,,,,0,0,0,,0,0,0,0,0.84,0,0,0,,,,,0,0.49,,,,,,,,,,0,,0.2,0.22,,,,,,,,,0,,0.44,0.25,,,,,,,5.85,5.8,,,0.03,0.21,1.11,,,0.91,1.13,2.37,0.04,,0.02,0.02,,0.75,0.23,0,2.4,0.03,0.09,,0,0.04,,,0.02,0.02,,,,,,,,,,,,,44.55,,0.04,,0.04,,,,0.06,7.88,0.11,2.14,27.67,3.55,2.38,,0.12,10.34,3.66,22.34,7.79,,,,,,,,,,,0.02,0.02,0.1,0.6,,,,,,,
Jan  2014,0.41,,,,,,0.05,,0.24,0.08,,,0.03,,,0,0.02,0.44,12.21,10.94,,,,,,0.03,0.17,1.7,,0.03,1.47,3.6,1.72,1.75,0.41,,,0,0,,0,,,,0,0,,,,,0,0,0,,0,0,0,0,0.8,0,0,0,,,,,0,0.45,,,,,,,,,,0,,0.18,0.2,,,,,,,,,0,,0.4,0.23,,,,,,,5.68,5.64,,,0.03,0.22,1.14,,,0.94,1.23,2.04,0.04,,0.02,0.02,,0.79,0.23,0,2.26,0.03,0.09,,0,0.05,,0.02,0.02,0.02,,,,,,,,,,,,,43.88,,0.04,,0.04,,,,0.06,7.97,0.12,2.25,27.18,3.53,2.02,,0.11,10.48,3.68,23.24,8.09,,,,,,,,,,,0.02,0.02,0.1,0.47,,,,,,,
Dec  2013,0.43,,,,,,0.05,,0.25,0.08,,,0.03,,,0,0.03,0.46,11.18,9.92,,,,,,0.03,0.17,1.73,,0.03,1.46,3.76,1.46,0.92,0.3,,,0,0,,0,,,,0,0,,,,,0,0,0,,0,0,0,0,0.79,0,0,0,,,,,0,0.45,,,,,,,,,,0,,0.19,0.2,,,,,,,,,0,,0.4,0.22,,,,,,,6.03,5.99,,,0.03,0.24,1.26,,,1.08,1.52,1.82,0.04,,0.02,0.02,,0.79,0.23,0,2.7,0.03,0.1,,0,0.05,,0.02,0.02,0.02,,,,,,,,,,,,,46.29,,0.04,,0.05,,,,0.06,8.58,0.12,2.44,28.89,3.84,1.67,,0.11,9.75,3.53,21.74,7.8,,,,,,,,,,,0.03,0.02,0.12,0.45,,,,,,,
Nov  2013,0.43,,,,,,0.06,,0.23,0.09,,,0.03,,,0,0.02,0.44,9.76,8.49,,,,,,0.03,0.17,1.67,,0.03,1.39,3.43,1.18,0.47,0.06,,,0,0,,0,,,,0,0,,,,,0,0,0,,0,0,0,0,0.78,0,0,0,,,,,0,0.47,,,,,,,,,,0,,0.21,0.22,,,,,,,,,0,,0.41,0.22,,,,,,,6.43,6.38,,,0.04,0.26,1.4,,,1.23,1.74,1.68,0.05,,0.03,0.02,,0.69,0.22,0,2.97,0.03,0.1,,0,0.05,,0.02,0.02,,,,,,,,,,,,,,51.92,,0.03,,0.03,,,,0.06,10.13,0.14,2.73,32.54,4.48,1.2,,0.09,8.72,3.36,18.07,6.9,,,,,,,,,,,0.03,0.03,0.15,0.48,,,,,,,
Oct  2013,0.47,,,,,,0.07,,0.25,0.09,,,0.03,,,0.01,0.01,0.46,9.54,8.24,,,,,,0.03,0.18,1.77,,0.03,1.44,3.33,1.12,0.29,,,,0,0,,0,,,,0,0.01,,,,,0,0,0,,0,0,0,0,0.82,0,0,0,,,,,0,0.46,,,,,,,,,,0,,0.21,0.22,,,,,,,,,0,,0.46,0.21,,,,,,,6.72,6.67,,,0.04,0.28,1.54,,,1.46,2.9,0.41,0.05,,0.03,0.02,,0.68,0.24,0,3.64,0.03,0.1,,0,0.05,,0.02,0.02,,,,,,,,,,,,,,52.11,,,,0.02,,,,0.06,10.61,0.15,2.81,32.61,4.94,0.32,,0.11,8.3,3.18,17.46,6.56,,,,,,,,,,,0.03,0.03,0.26,0.79,,,,,,,
Sep  2013,0.49,,,,,,0.08,,0.26,0.1,,,0.03,,,0.01,0.01,0.47,10.92,8.5,,,,,,0.04,0.22,2.02,,0.04,1.56,3.39,0.96,0.24,,,,0,0,,0,,,,0,0.01,,,,,0,0,0,,0,0,0,0,1.94,0,0,0,,,,,0,0.45,,,,,,,,,,0,,0.2,0.22,,,,,,,,,0,,1.58,0.21,,,,,,,6.53,6.48,,,0.04,0.3,1.55,,,1.5,3.02,0.02,0.05,,0.03,0.02,,0.64,0.27,0,2.13,0.03,0.11,,0,0.06,,0.02,0.02,,,,,,,,,,,,,,49.52,,,,0.02,,,,0.06,10.4,0.16,2.83,30.84,4.6,0.03,,0.12,9.11,3.42,19.51,7.19,,,,,,,,,,,0.04,0.05,0.8,0.28,,,,,,,
Aug  2013,0.53,,,,,,0.08,,0.28,0.11,,,0.03,,,0.01,0.01,0.47,10.82,8.23,,,,,,0.04,0.24,2.11,0.02,0.04,1.61,3.22,0.72,0.2,,,,0,0,,0,,,,0,0.01,,,,,0,0,0,,0,0,0,0,2.12,0,0,0,,,,,0,0.44,,,,,,,,,,0,,0.2,0.21,,,,,,,,,0,,1.77,0.2,,,,,,,6.11,6.05,,,0.04,0.31,1.51,,,1.43,2.69,0.02,0.05,,0.03,0.02,,0.58,0.26,0,2.16,0.04,0.11,,0,0.06,,0.02,0.03,,,,,,,,,,,,,,49.93,,,,0.02,,,,0.06,10.76,0.17,3.05,31.06,4.23,,,0.12,9.1,3.44,19.6,7.27,,,,,,,,,,,0.05,0.07,1.04,,,,,,,,
Jul  2013,0.52,,,,,,0.08,,0.28,0.11,,,0.03,,,0.01,0.01,0.51,9.74,7.67,,,,,,0.04,0.25,2.11,0.02,0.04,1.6,2.9,0.67,,,,,0,0,,0,,,,0,0.01,,,,,0,0,0,,0,0,0,0,1.6,0,0,0.01,,,,,0,0.44,,,,,,,,,,0,,0.21,0.21,,,,,,,,,0,,1.24,0.2,,,,,,,6.09,6.04,,,0.05,0.33,1.56,,,1.49,2.54,0.02,0.06,,0.03,0.02,,0.58,0.25,0,2.18,0.04,0.12,,0,0.06,,0.02,0.03,,,,,,,,,,,,,,51.26,,,,0.02,,,,0.06,11.5,0.17,3.22,31.86,3.89,,,0.17,8.72,3.35,19.64,7.34,,,,,,,,,,,0.05,0.08,1.04,,,,,,,,
Jun  2013,0.45,,,,,,0.08,,0.22,0.09,,,0.03,,,0.01,0.02,0.51,7.78,6.16,,,,,,0.04,0.22,1.76,0.02,0.04,1.41,2.21,0.43,,,,,0,0,,0,,,,0,0.01,,,,,0,0,0,,0.01,0,0,0,1.07,0,0,0.01,,,,,0,0.52,,,,,,,,,,0,,0.28,0.25,,,,,,,,,0,,0.66,0.23,,,,,,,6.62,6.55,,,0.05,0.38,1.77,,,1.67,2.62,,0.06,,0.03,0.02,,0.54,0.2,0,2.98,0.04,0.1,,0,0.06,,0.02,0.03,,,,,,,,,,,,,,56.1,,,,0.02,,,,0.07,12.77,0.17,3.63,35.06,3.9,,,0.22,8.76,3.55,15.53,6.04,,,,,,,,,,,0.05,0.08,0.96,,,,,,,,
May  2013,0.46,,,,,,0.08,,0.23,0.1,,,0.03,,,0.01,0.01,0.52,7.43,6.05,,,,,,0.04,0.25,1.9,0.02,0.04,1.51,1.95,0.3,,,,,0,0,,0,,,,0,0.01,,,,,0,0,0,,0.01,0,0,0,0.83,0,0,0.01,,,,,0,0.52,,,,,,,,,,0,,0.26,0.25,,,,,,,,,0,,0.42,0.22,,,,,,,7,6.93,,,0.06,0.42,1.94,,,1.85,2.6,,0.07,,0.04,0.03,,0.51,0.19,0,2.58,0.04,0.1,,0,0.07,,0.02,0.03,,,,,,,,,,,,,,57.3,,,,0.02,,,,0.09,13.56,0.18,3.83,35.55,3.55,,,0.24,8.54,3.52,14.9,5.86,,,,,,,,,,,0.06,0.09,0.87,,,,,,,,
Apr  2013,0.51,,,,,,0.09,,0.25,0.12,,,0.02,,,0.01,0.01,0.56,7.63,6.32,,,,,,0.05,0.29,2.12,0.02,0.04,1.78,1.74,0.23,,,,,0,0,,0,,,,0,0.01,,,,,0,0,0,,0,0,0,0,0.78,0,0,0.01,,,,,0,0.5,,,,,,,,,,0,,0.26,0.24,,,,,,,,,0,,0.4,0.2,,,,,,,6.9,6.82,,,0.06,0.45,1.98,,,1.89,2.38,,0.08,,0.04,0.03,,0.51,0.2,0,1.86,0.04,0.11,,0,0.07,,0.02,0.03,,,,,,,,,,,,,,56.37,,,,0.02,,,,0.08,14.21,0.18,3.94,34.58,2.83,,,0.34,8.43,3.49,16.37,6.41,,,,,,,,,0.02,,0.07,0.11,0.77,,,,,,,,
Mar  2013,0.5,,,,,,0.09,0.02,0.23,0.12,,,0.02,,,0.01,0.02,0.53,7.55,6.19,,,,,,0.05,0.3,2.1,0.02,0.05,1.86,1.56,0.21,,,,,0,0,,0,,,,0,0.01,,,,,0,0,0,,0,0,0,0,0.82,0,0,0.01,,,,,0,0.5,,,,,,,,,,0,,0.27,0.24,,,,,,,,,0,,0.42,0.2,,,,,,,6.71,6.63,,,0.06,0.46,1.98,,,1.83,2.24,,0.08,,0.04,0.03,,0.47,0.19,0,2.15,0.04,0.1,,0,0.07,,0.02,0.03,,,,,,,,,,,,,,55.73,,,,0.02,,,,0.1,14.13,0.18,4.06,34.12,2.6,,,0.66,9.05,3.84,16.14,6.21,,,,,,,,,0.02,0.02,0.08,0.15,0.84,,,,,,,,
Feb  2013,0.52,,,,,,0.1,0.02,0.23,0.13,,,0.02,,,0.01,0.01,0.56,7.45,6.03,,,,,,0.06,0.33,2.21,0.02,0.05,1.94,1.22,0.16,,,,,0,0,,0,,,,0,0.01,,,,,0,0,0,,0.01,0,0,0,0.88,0,0,0.01,,,,,0,0.5,,,,,,,,,,0,,0.3,0.24,,,,,,,,,0,,0.46,0.2,,,,,,,6.98,6.89,,,0.06,0.51,2.12,,,1.95,2.18,,0.09,,0.05,0.03,,0.5,0.19,0,2.44,0.04,0.11,,0,0.08,0.02,0.02,0.04,,,,,,,,,,,,,,57.06,,,,0.02,,,,0.1,14.95,0.2,4.3,34.72,2.23,,,0.21,8.23,3.35,15.52,6.01,,,,,,,,,0.02,0.02,0.11,0.31,0.72,,,,,,,,
Jan  2013,0.51,,,,,,0.1,0.02,0.22,0.13,,,0.02,,,0.01,0.01,0.54,7.25,5.81,0.02,,,,,0.07,0.35,2.25,0.02,0.06,1.91,0.99,0.13,,,,,0,0,,0,,,,0,0.01,,,,,0,0,0,,0.01,0,0,0,0.87,0,0,0.01,,,,,0,0.53,,,,,,,,,,0,,0.29,0.24,0.02,,,,0.02,,,,0,,0.44,0.19,,,,,,,7,6.91,,,0.07,0.55,2.18,,,1.99,2.05,,0.09,,0.05,0.03,,0.47,0.17,0,2.4,0.04,0.1,,0,0.08,0.02,0.02,0.04,,,,,,,,,,,,,,57.63,,,,0.02,,,,0.09,15.48,0.22,4.57,34.9,1.84,,,0.17,8.3,3.39,15.21,5.95,,,,,,,,,0.03,0.02,0.12,0.89,,,,,,,,,
Dec  2012,0.67,,,,,,0.13,0.03,0.29,0.17,,,0.02,,,0.02,0.01,0.71,6.85,5.17,0.02,,,,,0.08,0.38,2.19,0.03,0.08,1.67,0.58,0.11,,,,,0,0,,0.01,,,,0,0.01,,,,,0,0,0,,0.01,0,0,0,0.96,0,0,0.01,,,,,0,0.68,,,,,,,,,,0,,0.32,0.29,0.02,,,,0.04,,,,0,,0.51,0.21,,,,,0.03,0.02,8.78,8.66,0.02,,0.09,0.77,2.87,,,2.57,2.25,,0.12,,0.06,0.04,,0.6,0.22,0,2.13,0.06,0.13,,0,0.1,0.02,0.03,0.05,,,,,,,,,,,,,,68.21,,,,0.06,,,,0.12,18.6,0.23,5.9,41.3,1.4,,,0.18,4.86,0.07,6.34,0.05,,,,,0.03,,0.04,0.16,0.2,0.23,0.98,4.54,,,,,,,,,
Nov  2012,0.64,,,,,,0.14,0.03,0.26,0.16,,0.02,,,,0.02,0.01,0.65,6.09,4.38,0.03,,,,,0.08,0.36,2.08,0.03,0.08,1.34,0.33,0.03,,,,,0,0,,0.01,,,,0,0.02,,,,,0,0,0.01,,0.01,0,0,0,0.96,0,0,0.01,,,,,0,0.69,,,,,,,,,,0,,0.35,0.3,0.03,,,,0.04,,,,0,,0.52,0.21,,,,,0.03,,8.65,8.52,,,0.1,0.81,2.9,,,2.63,2,,0.13,,0.07,0.05,,0.54,0.2,0,2.07,0.05,0.12,,0,0.09,0.02,0.03,0.04,,,,,,,,,,,,,,71.03,,,,0.03,,,,0.13,20.63,0.27,6.17,42.32,0.82,,,0.2,4.08,0.09,5.47,0.05,,,,,0.03,,0.04,0.16,0.21,0.23,1.05,3.59,,,,,,,,,
Oct  2012,0.75,,,,,,0.17,0.04,0.29,0.2,,0.03,,,,0.02,0.01,0.75,6.44,4.8,0.04,,,,,0.09,0.45,2.46,0.03,0.08,1.43,0.18,,,,,,0,0,,0.01,,,,0,0.02,,,,,0,0,0.01,,0.01,0,0,0,0.9,0,0,0.01,,,,,0,0.69,,,,,,,,,,0,,0.36,0.3,0.03,,,,0.04,,,,0,,0.46,0.2,,,,,0.04,,8.54,8.4,,,0.1,0.85,2.95,,,2.66,1.74,,0.14,,0.07,0.05,,0.58,0.21,0,2.3,0.06,0.11,,0,0.11,0.02,0.03,0.06,,,,,,,,,,,,,,70.39,,0.02,,,,,,0.17,21.29,0.27,6.28,41.35,0.32,,,0.16,3.48,0.06,5.98,0.04,,,,,0.04,0.02,0.06,0.21,0.28,0.29,1.52,3.5,,,,,,,,,
Sep  2012,0.8,,,,0.02,,0.17,0.04,0.29,0.23,,0.03,,,,0.03,0.01,0.88,6.69,5.11,0.04,,,,,0.12,0.54,2.81,0.04,0.09,1.32,0.12,,,,,,0,0,,0.01,,,,0,0.02,,,,,0,0,0.01,,0.01,0,0,0,0.84,0,0,0.01,,,,,0,0.67,,,,,,,,,,0,,0.35,0.29,0.03,,,,0.04,,,,0,,0.43,0.2,,,,,0.04,,8.45,8.3,0.02,,0.11,0.91,3.01,,,2.69,1.46,,0.15,,0.07,0.05,,0.63,0.23,0,2.24,0.07,0.11,,0,0.14,0.03,0.04,0.07,,,,,,,,,,,,,,69.56,0.02,0.02,,,,,,0.18,21.23,0.28,6.61,40.32,0.24,,,0.17,3.49,0.07,6.4,0.05,,,,,0.05,0.03,0.07,0.27,0.35,0.39,4.21,0.94,,,,,,,,,
Aug  2012,0.84,,,,0.02,,0.18,0.05,0.29,0.25,,0.03,,,,0.03,0.01,0.96,6.81,5.26,0.05,,,,,0.13,0.61,3.05,0.04,0.11,1.13,0.08,,,,,,0,0,,0.01,,,,0,0.02,,,,,0,0,0.01,,0.01,0,0,0,0.82,0,0,0.01,,,,,0,0.65,,,,,,,,,,0,,0.37,0.28,0.03,,,,0.03,0.02,,,0,,0.38,0.19,,,,,0.03,,7.78,7.63,0.02,,0.12,0.91,2.89,,,2.52,1.05,,0.15,,0.07,0.05,,0.66,0.22,0,2.61,0.08,0.12,,0.01,0.16,0.03,0.05,0.08,,,,,,,,,,,,,,68.74,0.02,0.03,,,,,,0.19,21.75,0.31,6.98,38.58,0.19,,,0.19,3.62,0.07,7.08,0.07,,,,,0.06,0.03,0.09,0.33,0.44,0.5,5.5,0.02,,,,,,,,,
Jul  2012,0.85,,,,0.02,,0.22,0.06,0.26,0.25,,0.02,,,,0.01,0.01,0.92,6.57,5.04,0.06,,,,,0.15,0.65,3.14,0.04,0.12,0.81,0.03,,,,,,0,0,,0.01,,,,0,0.02,,,,,0,0,0.01,,0.01,0,0,0,0.81,0,0,0.02,,,,,0,0.65,,,,,,,,,,0,,0.36,0.28,0.03,,,,0.03,,,,0,,0.36,0.19,,,,,0.03,,7.55,7.39,0.02,,0.13,0.97,3.06,,,2.93,0.15,,0.16,,0.08,0.06,,0.63,0.2,0,2.75,0.08,0.12,0.02,0.01,0.16,0.03,0.05,0.08,,,,,,,,,,,,,,69.15,0.02,0.03,,,,,,0.21,22.2,0.32,7.34,38.16,0.16,,,0.25,3.45,0.11,7.22,0.06,,,,,0.07,0.04,0.1,0.36,0.49,0.58,5.46,,,,,,,,,,
Jun  2012,0.92,,,,0.02,,0.22,0.06,0.33,0.24,0.02,,,,,0.02,0.01,0.91,6.26,4.73,0.06,,,0.02,,0.16,0.67,3.11,0.04,0.11,0.53,,,,,,,0,0,,0.01,,,,0,0.02,,,,,0,0,0.01,,0.01,0,0,0,0.79,0,0,0.02,,,,,0,0.66,,,,,,,,,,0,,0.38,0.28,0.05,,,0.02,0.03,0.02,,,0,,0.34,0.18,,,,,0.03,,7.46,7.29,0.02,,0.13,1.01,3.16,,,2.84,,,0.17,,0.08,0.06,,0.59,0.19,0,2.57,0.07,0.11,0.02,0.01,0.17,0.04,0.05,0.09,,,,,,,,,,,,,,70.45,0.02,0.03,,,,,,0.23,23.4,0.31,7.67,37.94,0.15,,,0.2,2.98,0.08,7,0.06,,,,,0.07,0.04,0.1,0.38,0.54,0.66,5.1,,,,,,,,,,
May  2012,0.83,,,,0.02,,0.23,0.05,0.27,0.21,0.03,,,,,0.02,0.01,0.87,5.83,4.22,0.06,,,0.02,,0.15,0.65,2.81,0.04,0.12,0.34,,,,,,,0,0,,0.01,,,,0,0.02,,,,,0,0,0.01,,0.01,0,0,0,0.85,0,0,0.02,,,,,0,0.68,,,,,,,,,,0,,0.43,0.28,0.05,0.02,,0.02,0.02,0.02,,,0,,0.34,0.18,,,,,0.02,,8.2,8.01,0.02,,0.14,1.15,3.62,,,2.93,,,0.2,,0.1,0.07,,0.53,0.17,0,2.54,0.07,0.09,0.02,0.01,0.16,0.03,0.04,0.08,,,,,,,,,,,,,,71.3,0.02,0.03,,,,,,0.25,24.6,0.32,7.64,37.59,0.1,,,0.18,2.76,0.07,6.37,0.05,,,,,0.07,0.04,0.1,0.36,0.53,0.78,4.38,,,,,,,,,,
Apr  2012,0.8,,,,0.03,,0.25,0.05,0.23,0.2,0.02,,,,,0.01,0.01,0.83,5.27,3.67,0.06,,,0.02,,0.15,0.62,2.4,0.05,0.13,0.2,,,,,,,0,0.01,,0.01,,,,0,0.02,,,,,0,0,0.01,,0.01,0,0,0,0.82,0,0,0.02,,,,,0,0.7,,,,,,,,,,0,0.02,0.4,0.29,0.07,0.02,,0.03,,0.02,,,0,,0.34,0.18,,,,0.03,,,8.75,8.54,0.02,,0.16,1.29,3.92,,,3.02,,,0.21,,0.11,0.07,,0.5,0.17,0,2.59,0.07,0.08,0.02,0.01,0.15,0.03,0.04,0.08,,,,,,,,,,,,,,72.04,0.02,0.03,,,0.17,,,0.26,24.94,0.32,8.08,37.37,0.1,,,0.24,2.76,0.08,5.67,0.04,,,,,0.08,0.04,0.1,0.37,0.54,0.89,3.57,,,,,,,,,,
Mar  2012,0.81,,,,0.03,,0.28,0.06,0.21,0.19,0.02,,,,,0.01,0.01,0.91,5.05,3.46,0.07,,,0.02,,0.17,0.66,2.24,0.05,0.11,0.1,,,,,,,0,0.01,,0.01,,,,0,0.03,,,,,0,0.01,0.01,,0.01,0,0,0,0.8,0,0.01,0.02,,,,,0,0.69,,,,,,,,,,0,0.02,0.39,0.27,0.07,0.02,,0.03,,0.02,,,0,,0.32,0.17,,,,0.03,,,8.41,8.19,0.02,,0.16,1.28,3.85,,,2.76,,,0.22,,0.11,0.07,,0.51,0.17,0,2.62,0.07,0.08,0.02,0.01,0.16,0.03,0.04,0.08,,,,,,,,,,,,,,73.38,0.02,0.04,,,0.17,,,0.3,26.77,0.35,8.28,36.54,0.09,,,0.3,2.32,0.06,5.14,0.04,,,,,0.09,0.05,0.11,0.41,0.6,2.04,1.75,,,,,,,,,,
Feb  2012,0.77,,,,0.03,,0.28,0.06,0.17,0.18,0.02,,,,,0.01,0.01,0.88,4.9,3.36,0.09,,,0.02,,0.19,0.7,2.1,0.05,0.11,0.06,,,,,,,0,0.01,,0.01,,,,0,0.03,,,,,0,0,0.01,,0.01,0,0,0,0.76,0,0.01,0.02,,,,,0,0.66,,,,,,,,,,0,0.02,0.37,0.25,0.08,0.03,,0.03,,,0.02,,0,,0.31,0.15,0.02,,,0.03,,,8.48,8.25,0.02,,0.17,1.35,3.98,,,2.62,,,0.23,,0.12,0.08,,0.47,0.16,0,2.6,0.06,0.08,0.02,0.01,0.17,0.03,0.04,0.09,,,,,,,,,,,,,,73.8,0.02,0.04,,,0.06,,,0.31,27.46,0.36,8.75,35.85,0.02,,,0.3,2.19,0.06,5.04,0.03,,,,,0.1,0.06,0.13,0.47,0.71,3.5,,,,,,,,,,,
Jan  2012,0.74,,,,0.04,,0.29,0.06,0.14,0.17,0.02,,,,,0.02,0.01,0.84,4.78,3.23,0.1,,,0.02,,0.2,0.73,1.92,0.05,0.1,0.04,,,,,,,0,0.01,,0.01,,,,0,0.04,,,,,0,0,0.01,,0.01,0,0,0,0.77,0,0.01,0.03,,,,,0,0.66,,,,,,,,,,0,0.02,0.37,0.19,0.13,0.04,,0.03,,,,,0,,0.3,0.13,0.03,,,0.02,,,8.41,8.16,0.02,,0.19,1.39,4.02,,,2.44,,,0.25,,0.13,0.08,,0.45,0.15,0,2.48,0.06,0.08,0.02,0.01,0.18,0.04,0.04,0.09,,,,,,,,,,,,,,73.86,0.02,0.04,,0.02,0.02,,,0.33,27.79,0.37,9.34,34.97,0.02,,,0.32,2.26,0.07,5.29,0.19,,,,,0.11,0.06,0.14,0.52,0.83,3.18,,,,,,,,,,,
Dec  2011,0.71,,,,0.04,,0.29,0.07,0.12,0.17,,,,,,0.02,0.01,0.89,4.44,2.87,0.09,,,0.03,,0.22,0.74,1.61,0.04,0.07,,,,,,,,0,0.01,,0.01,,,,0,0.03,,,,,0,0.01,0.01,,0.01,0,0,0,0.78,0,0.01,0.03,,,,,0,0.65,,,,,,,,,,0,0.02,0.4,0.17,0.14,0.05,,0.03,,,0.02,,0,,0.29,0.11,0.04,,,0.02,,,8.57,8.31,0.02,,0.2,1.52,4.26,,,2.23,,,0.26,,0.13,0.08,,0.43,0.13,0,2.55,0.06,0.08,0.02,0.01,0.18,0.04,0.04,0.09,,,,,,,,,,,,,,74.17,0.02,0.05,,0.02,0.02,,,0.34,28.56,0.36,9.8,34.07,0.02,,,0.28,2,0.07,5.4,0.59,,,,,0.12,0.07,0.15,0.52,0.89,2.31,,,,,,,,,,,
Nov  2011,0.64,,,0.02,0.04,,0.27,0.06,0.08,0.14,,,,,,0.02,0.01,0.83,3.92,2.36,0.06,,,0.03,,0.22,0.73,1.2,0.03,0.04,,,,,,,,0,0.01,,0.02,,,,0,0.04,,,,,0,0.01,0.01,,0.01,0,0,0,0.94,0,0.01,0.03,,,,,0,0.47,,,,,,,,,,0,,0.52,0.04,0.15,0.05,0.02,0.03,,0.02,0.02,0.02,0,,0.34,0.03,0.04,0.02,,0.02,,,8.27,8,0.02,,0.21,1.53,4.28,,,1.92,,,0.27,0.02,0.14,0.09,,0.37,0.11,0,2.54,0.06,0.08,0.02,0.01,0.17,0.04,0.04,0.09,,,,,,,,,,,,,,76.83,0.02,0.04,,0.02,,,,0.36,31.1,0.38,10.1,33.76,0.02,,,0.25,1.58,0.06,4.26,0.22,,,,,0.13,0.07,0.15,0.54,1.01,1.63,,,,,,,,,,,
Oct  2011,0.67,,,0.02,0.05,,0.3,0.07,0.06,0.15,,,,,,0.02,0.01,0.89,3.93,2.34,0.05,,0.02,0.03,,0.23,0.8,1.08,,,,,,,,,,0,0.01,,0.02,,,,0,0.03,,,,,0.01,0.01,0.01,,0.01,0,0,0,1.03,0,0.01,0.03,,,,,0,0.41,,,,,,,,,,0,,0.58,,0.15,0.05,0.02,0.02,,0.03,0.02,0.02,0,,0.36,,0.04,0.02,,0.02,,,8.5,8.21,0.03,,0.22,1.62,4.48,,0.02,1.82,,,0.29,0.02,0.15,0.09,,0.38,0.11,0,2.41,0.06,0.08,0.02,0.01,0.18,0.04,0.04,0.09,,,,,,,,,,,,,,79.15,0.02,0.05,,0.02,,,,0.4,32.45,0.41,10.68,34.05,0.02,,,0.29,1.52,0.05,4.24,0.18,,,,,0.15,0.09,0.18,0.64,1.35,1.22,,,,,,,,,,,
Sep  2011,0.53,,,0.02,0.04,,0.26,0.06,0.03,0.11,,,,,,0.01,0.01,0.72,3.32,1.83,,,0.02,0.03,,0.22,0.79,0.7,0.03,0.02,,,,,,,,,0.01,,0.02,,,,,0.03,,,,,0.01,,,,,,0,,0.06,,0.01,0.03,,,,,,0.43,,,,,,,,,,,,0.53,,0.15,0.06,0.03,,,0.03,0.02,0.02,,,0.3,,0.04,0.02,0.02,,,,8.15,7.83,0.04,,0.24,1.66,4.46,,0.02,1.4,,,0.3,0.02,0.16,0.09,,0.58,0.09,0,2.49,0.06,0.07,0.02,0.01,0.15,0.03,0.03,0.08,,,,,,,,,,,,,,78.74,0.02,0.05,,0.02,,,,0.41,33.48,0.44,11.23,32.94,,,,,1.46,0.02,3.56,0.02,,,,,0.17,0.1,0.21,0.79,2.16,,,,,,,,,,,,
Aug  2011,0.55,,,0.02,0.05,,0.29,0.06,,0.09,,,,,,0.01,0.01,0.67,3.25,1.76,,,0.02,0.03,,0.24,0.87,0.53,0.02,,,,,,,,,,0.01,,0.02,,,,,0.04,,,,,0.01,0.02,,,,,0,,0.05,,0.01,0.04,,,,,,0.44,,,,,,,,,,,,0.54,,0.15,0.07,0.03,,,0.03,0.02,0.02,,,0.29,,0.04,0.02,0.02,,,,7.71,7.39,0.03,,0.26,1.64,4.35,,,1.06,,,0.32,0.02,0.17,0.1,0.02,1.05,0.1,0,2.71,0.08,0.08,0.02,0.01,0.17,0.04,0.04,0.09,,,,,,,,,,,,,,78.49,0.02,0.06,,0.02,,,,0.35,34.15,0.44,11.82,31.47,,,,,1.45,0.02,3.62,0.02,,,,0.02,0.2,0.12,0.23,0.84,2.09,,,,,,,,,,,,
Jul  2011,0.56,,,0.02,0.05,,0.32,0.07,,0.08,,,,,,0.01,0.01,0.7,3.34,1.72,,,0.02,0.04,,0.29,0.94,0.38,0.02,,,,,,,,,,0.03,0.02,0.02,,,,,0.04,,,,0.02,0.01,,,,,,0,,,,0.01,0.04,,,,0.02,,0.5,0.22,0.13,0.05,,,0.03,,0.02,0.03,,,,,,,,,,,,,,,,,,,,,,,7.65,7.3,0.04,,0.3,1.71,4.93,,,0.3,,,0.34,0.02,0.18,0.1,0.02,1.02,0.12,0,2.74,0.09,0.08,0.02,0.01,0.21,0.05,0.04,0.11,,,,,,,,,,,,,,78.27,0.02,0.06,,0.03,0.02,,,0.31,34.18,0.45,12.62,30.43,,,,,1.39,0.02,3.76,0.02,,,,,0.24,0.14,0.27,0.95,2.02,,,,,,,,,,,,
Jun  2011,0.51,,,0.02,0.05,,0.3,0.06,,0.05,,,,,,0.01,0.01,0.65,2.98,1.4,,,0.02,0.04,,0.28,0.83,0.19,,,,,,,,,,,0.01,,0.03,,0.02,,,0.04,,,,0.02,0.01,,,,,,0,,,,0.01,0.04,,,,0.02,,0.52,0.23,0.12,0.04,,,0.03,,0.03,0.04,,,,,,,,,,,,,,,,,,,,,,,7.6,7.22,0.05,,0.31,1.78,5.04,0.02,,0.02,,,0.36,0.03,0.19,0.11,0.02,0.89,0.09,0,2.38,0.08,0.08,0.02,0.01,0.2,0.05,0.04,0.11,,,,,,,,,,,,,,80.08,0.02,0.06,,0.02,0.03,,,0.33,36.11,0.45,13.09,29.81,,,,,1.13,0.02,3.27,0.02,,,0.02,,0.24,0.14,0.28,0.89,1.59,,,,,,,,,,,,
May  2011,0.47,,,0.02,0.05,,0.28,0.06,,0.03,,,,,,0.01,0.01,0.6,2.75,1.19,,,0.02,0.04,,0.28,0.75,0.07,,,,,,,,,,,0.01,,0.03,,0.02,,,0.05,,,,0.03,0.01,,,,,,0,,,,0.01,0.04,,,,0.02,,0.57,0.24,0.15,0.03,,,0.03,,0.03,0.04,,,,,,,,,,,,,,,,,,,,,,,7.9,7.5,0.05,,0.33,1.95,5.13,0.02,,,,,0.39,0.03,0.21,0.11,0.02,0.75,0.07,0,2.16,0.07,0.07,0.02,0.01,0.19,0.04,0.04,0.11,,,,,,,,,,,,,,80.94,0.02,0.07,,0.02,0.02,,,0.33,37.24,0.46,13.65,29,,,,,0.99,0.98,2.94,,,,,,0.24,0.16,0.29,0.88,1.25,,,,,,,,,,,,
Apr  2011,0.51,,,0.03,0.06,,0.33,0.06,,0.02,,,,,,0.01,0.01,0.59,2.68,1.12,,,0.02,0.04,,0.3,0.69,0.04,,,,,,,,,,,0.01,,0.03,,0.02,,,0.05,,,,0.03,0.01,,,,,,0,,,,0.01,0.04,,,,0.02,,0.67,0.25,0.27,,,,0.03,,0.03,0.05,,,,,,,,,,,,,,,,,,,,,,,8.17,7.75,0.05,,0.35,2.1,5.21,,,,,,0.41,0.03,0.22,0.12,0.02,0.7,0.06,0,2.62,0.07,0.07,0.02,0.01,0.19,0.05,0.04,0.1,,,,,,,,,,,,,,80.46,0.02,0.08,,0.03,,,,0.42,37.41,0.44,14.01,27.91,,,,,0.9,0.88,2.89,,,,0.02,0.02,0.28,0.19,0.34,1.01,0.96,,,,,,,,,,,,
Mar  2011,0.4,,,0.03,0.05,,0.25,0.05,,,,,,,,0.01,0.01,0.6,2.53,1,,,0.03,0.04,,0.29,0.6,0.02,,,,,,,,,,,0.01,,0.03,,0.02,,,0.05,,,,0.03,0.01,,,,,,0,,,,0.01,0.05,,,,0.03,,0.72,0.28,0.29,,,,0.03,,0.04,0.05,,,,,,,,,,,,,,,,,,,,,,,7.73,7.3,0.05,,0.36,2.05,4.8,,,,,,0.42,0.03,0.23,0.12,0.02,0.61,0.06,0,2.42,0.07,0.07,0.02,0.01,0.19,0.05,0.03,0.1,,,,,,,,,,,,,,81.78,,0.07,,0.02,,,,0.35,39.15,0.48,14.6,26.96,,,,,0.74,0.73,2.74,,,,0.02,0.02,0.29,0.21,0.39,1.39,0.34,,,,,,,,,,,,
Feb  2011,0.49,,,0.04,0.07,,0.31,0.04,,,,,,,,0.01,0.01,0.61,2.47,0.99,,,0.03,0.05,,0.3,0.59,,,,,,,,,,,,0.01,,0.03,,0.02,,,0.05,,,,0.03,0.01,,,,,,0,,,,0.01,0.06,,,,0.04,,0.73,0.29,0.28,,,,0.03,,0.04,0.06,,,,,,,,,,,,,,,,,,,,,,,7.63,7.18,0.06,,0.39,2.11,4.6,,,,,,0.44,0.03,0.24,0.12,0.03,0.6,0.05,0,2.18,0.08,0.07,0.02,0.01,0.19,0.05,0.04,0.1,,,,,,,,,,,,,,81.96,,0.07,,0.02,,,,0.34,39.66,0.47,15.37,25.9,,,,,0.69,0.68,2.91,,,,0.02,0.02,0.35,0.26,0.52,1.66,,,,,,,,,,,,,0.02
Jan  2011,0.55,,,0.05,0.08,,0.36,0.03,,,,,,,,0.01,0.01,0.6,2.38,0.91,,,0.03,0.06,,0.3,0.5,,,,,,,,,,,,0.01,,0.04,,0.02,,,0.05,,,,0.03,0.01,,,,,,0,,,,0.01,0.06,,,,0.03,,0.74,0.31,0.27,,,,0.03,,0.04,0.06,,,,,,,,,,,,,,,,,,,,,,,7.56,7.09,0.06,,0.42,2.15,4.44,,,,,,0.46,0.03,0.26,0.13,0.03,0.58,0.04,0,1.97,0.09,0.08,0.02,0.01,0.2,0.05,0.04,0.11,,,,,,,,,,,,,,82.21,,0.07,,0.03,,,,0.36,39.9,0.47,16.41,24.85,,,,,0.79,0.78,2.88,,,,0.02,0.02,0.39,0.31,0.65,1.39,,,,,,,,,,,,,0.02
Dec  2010,0.54,,,0.05,0.08,,0.35,0.02,,,,,,,,0.01,0.01,0.62,2.28,0.79,,,0.03,0.06,,0.28,0.41,,,,,,,,,,,,0.01,,0.04,,0.02,,,0.05,,,,0.03,0.02,,,,,,0,,,,0.01,0.06,,,,0.03,,0.74,0.32,0.23,,,,0.03,,0.04,0.07,,,,,,,,,,,,,,,,,,,,,,,7.65,7.17,0.07,,0.46,2.32,4.31,,,,,,0.47,0.04,0.27,0.13,0.03,0.54,0.03,0,2.06,0.09,0.07,0.02,0.01,0.2,0.05,0.04,0.11,,,,,,,,,,,,,,82.52,0.02,0.07,,0.03,,,,0.38,41.08,0.48,17.03,23.32,,,,,0.66,0.65,2.65,0.02,,,0.03,0.03,0.44,0.37,0.81,0.89,,,,,,,,,,,,,0.02
Nov  2010,0.47,,,0.06,0.09,,0.29,,,,,,,,,0.01,0.01,0.52,2.05,0.53,,,0.03,0.06,,0.19,0.25,,,,,,,,,,,,0.01,,0.04,,0.03,,,0.06,,,,0.03,0.02,,,,,,0,,,,0.01,0.06,,,,0.03,,0.77,0.35,0.19,,,,0.04,,0.05,0.08,,,,,,,,,,,,,,,,,,,,,,,7.49,6.98,0.08,,0.47,2.35,4.07,,,,,,0.5,0.04,0.28,0.13,0.03,0.46,0.03,0,1.95,0.08,0.06,0.02,0.01,0.19,0.05,0.03,0.1,,,,,,,,,,,,,,84.13,0.02,0.07,,0.03,,,,0.39,43.47,0.51,17.45,22.08,,,,,0.5,0.49,2,,,,0.02,0.02,0.4,0.37,1.02,0.08,,,,,,,,,,,,,0.02
Oct  2010,0.47,,,0.06,0.1,,0.28,,,,,,,,,0.01,0.01,0.53,2.02,0.48,,,0.03,0.07,,0.17,0.2,,,,,,,,,,,,0.01,,0.05,,0.03,,,0.06,,,0.02,0.02,0.02,,,,,,0,,,,0.01,0.06,,,,0.03,,0.75,0.42,0.1,,,,0.04,,0.06,0.09,,,,,,,,,,,,,,,,,,,,,,,7.35,6.81,0.09,,0.49,2.39,3.84,,,,,,0.52,0.04,0.29,0.14,0.04,0.49,0.02,0,1.93,0.09,0.06,0.02,0.01,0.2,0.06,0.03,0.1,,,,,,,,,,,,,,84.39,0.02,0.08,,0.03,,,,0.41,44.57,0.52,17.87,20.79,,,,,0.46,0.45,1.92,,,,0.03,0.03,0.46,0.49,0.83,,,,,,,,,,,,,,0.02
Sep  2010,0.45,,,0.06,0.1,,0.26,,,,,,,,,0.01,0.01,0.46,1.91,0.42,,,0.03,0.06,,0.16,0.17,,,,,,,,,,,,0.01,,0.05,,0.03,,,0.06,,,0.02,0.02,0.02,,,,,,0,,,,0.01,0.06,,,0.02,0.03,,0.72,0.46,,,,,0.05,,0.06,0.1,,,,,,,,,,,,,,,,,,,,,,,7.27,6.71,0.09,,0.52,2.44,3.66,,,,,,0.55,0.05,0.31,0.14,0.04,0.45,0.02,0,1.77,0.1,0.05,0.02,0.01,0.19,0.06,0.03,0.1,,,,,,,,,,,,,,84.95,0.02,0.09,,0.03,,,,0.44,45.78,0.55,18.5,19.44,,,0.02,,0.44,0.44,1.84,,,,0.03,0.03,0.54,0.82,0.34,,,,,,,,,,,,,,0.02
Aug  2010,0.48,,,0.08,0.11,0.02,0.25,,,,,,,,,0.01,0.01,0.43,1.91,0.38,,,0.04,0.06,,0.2,0.08,,,,,,,,,,,,0.01,,0.05,,0.03,,,0.06,,,0.02,0.02,0.02,,,,,,0,,,,0.01,0.06,,,0.02,0.02,,0.69,0.42,,,,,0.05,0.02,0.06,0.11,,,,,,,,,,,,,,,,,,,,,,,6.98,6.39,0.1,,0.54,2.42,3.33,,,,,,0.58,0.06,0.32,0.15,0.04,0.47,0.02,0,1.86,0.12,0.05,0.02,0.01,0.2,0.06,0.03,0.1,,,,,,,,,,,,,,85.06,0.02,0.1,,0.04,,,,0.47,46.4,0.56,19.51,17.85,,,0.02,,0.46,0.46,1.85,,,,0.04,0.04,0.68,1.01,,,,,,,,,,,,,,,0.02
Jul  2010,0.62,,,0.1,0.15,0.02,0.32,,,,,,,,0.02,0.01,0.01,0.41,1.85,0.32,,,0.05,0.06,,0.21,,,,,,,,,,,,,0.01,,0.05,,0.03,,,0.06,,,0.02,0.02,0.02,,,,,,0,,,,0.01,0.06,,,0.03,,,0.68,0.4,,,,,0.05,0.02,0.06,0.13,,,,,,,,,,,,,,,,,,,,,,,6.99,6.34,0.1,,0.61,2.51,3.11,,,,,,0.64,0.06,0.37,0.15,0.04,0.33,,0,1.38,0.14,0.05,0.02,0.01,0.24,0.08,0.04,0.11,,,,,,,,,,,,,,85.63,0.02,0.1,,0.04,,,,0.49,46.77,0.57,20.77,16.75,,,0.02,,0.47,0.46,1.77,,,,0.04,0.05,0.84,0.77,,,,,,,,,,,,,,,0.02
Jun  2010,0.41,,,0.08,0.12,0.02,0.18,,,,,,,,,0.01,0.01,0.52,1.88,0.26,,,0.05,0.05,,0.16,,,,,,,,,,,,,0.01,,0.06,,0.04,,,0.06,,,0.03,,0.02,,,,,,0,,,,0.01,0.07,,,0.03,,,0.73,0.36,,,,,0.06,0.02,0.08,0.17,,,,,,,,,,,,,,,,,,,,,,,6.63,6,0.11,,0.6,2.46,2.84,,,,,,0.62,0.06,0.36,0.15,0.05,0.25,,0,1.55,0.1,0.04,0.02,0.01,0.21,0.07,0.03,0.1,,,,,,,,,,,,,,86.32,0.02,0.11,,0.04,,,,0.58,49.33,0.61,20.57,14.95,,,,,0.19,0.19,1.78,0.02,,,0.06,0.06,1.49,0.09,,,,,,,,,,,,,,,0.02
May  2010,0.41,,,0.09,0.12,0.02,0.16,,,,,,,,,0.01,0.01,0.49,1.8,0.2,,,0.05,0.04,,0.1,,,,,,,,,,,,,0.01,,0.06,,0.03,,,0.06,,,0.04,,0.02,,,,,,0,,,,0.01,0.07,,,0.03,,,0.74,0.28,,,,,0.06,0.02,0.1,0.24,,,,,,,,,,,,,,,,,,,,,,,6.8,6.13,0.12,,0.64,2.65,2.72,,,,,,0.67,0.06,0.38,0.15,0.06,0.25,,0,1.56,0.11,0.04,0.02,0.01,0.19,0.06,0.03,0.08,,,,,,,,,,,,,,86.53,0.02,0.13,,0.04,,,,0.58,49.88,0.57,21.42,13.78,,,,,0.1,0.1,1.6,0.02,,,0.06,0.06,1.4,,,,,,,,,,,,,,,,0.02
Apr  2010,0.38,,,0.1,0.11,0.03,0.12,,,,,,,,,0.01,0.01,0.46,1.75,0.17,,,0.06,0.04,,0.06,,,,,,,,,,,,,0.01,,0.06,,0.04,,,0.07,,,0.04,,0.02,,,,,,0,,,,0.01,0.07,,,0.03,,,0.71,0.04,,,,,0.07,0.03,0.11,0.43,,,,,,,,,,,,,,,,,,,,,,,6.89,6.18,0.13,,0.68,2.82,2.56,,,,,,0.7,0.07,0.4,0.16,0.06,0.25,0.02,0,1.57,0.13,0.04,0.02,0.01,0.17,0.06,0.03,0.07,0.02,,,,,,,,,,,,,86.67,0.02,0.14,,0.04,,,,0.64,51.21,0.59,21.67,12.23,,,0.02,,0.04,0.04,1.52,0.02,,,0.06,0.07,1.3,,,,,,,,,,,,,,,,0.02
Mar  2010,0.35,,,0.1,0.1,0.04,0.09,,,,,,,,,0.02,0.01,0.44,1.69,0.13,,,0.05,0.03,0.05,,,,,,,,,,,,,,0.01,,0.07,,0.04,,,0.07,,,0.04,,0.02,,,,,,0,,,,0.01,0.07,,0.02,0.02,,,0.7,,,,,,0.08,0.03,0.12,0.44,,,,,,,,,,,,,,,,,,,,,,,6.93,6.18,0.14,,0.7,2.95,2.4,,,,,,0.74,0.07,0.42,0.17,0.06,0.23,,0,1.48,0.14,0.03,0.02,0.01,0.16,0.06,0.02,0.07,0.02,,,,,,,,,,,,,87.05,0.03,0.15,,0.04,,,,0.7,52.46,0.64,22.2,10.69,,,0.02,,0,,1.39,,,,0.07,0.08,1.17,,,,,,,,,,,,,,,,0.02
Feb  2010,0.32,,,0.1,0.09,0.04,0.06,,,,,,,,0.02,0.02,0.01,0.47,1.65,0.11,,,0.04,0.03,0.04,,,,,,,,,,,,,,0.01,,0.09,,0.04,0.02,,0.07,0.02,,0.04,,0.02,,,,,,0,,,,0.01,0.07,,0.02,0.02,,,0.71,,,,,,0.08,0.03,0.13,0.43,,,,,,,,,,,,,,,,,,,,,,,7.08,6.28,0.16,,0.74,3.11,2.28,,,,,,0.79,0.08,0.44,0.18,0.07,0.26,,0,1.46,0.14,0.03,0.02,0.01,0.16,0.06,0.02,0.06,0.02,,,,,,,,,,,,,86.95,0.03,0.16,,0.04,,,,0.72,52.33,0.61,23.46,9.46,,,0.03,,,,1.37,,,,0.08,0.09,1.13,,,,,,,,,,,,,,,0.02,
Jan  2010,0.39,0.02,0.02,0.13,0.11,0.05,0.06,,,,,,,,0.02,0.02,0.01,0.49,1.63,0.1,,,0.03,0.03,0.04,,,,,,,,,,,,,,0.01,,0.09,,0.04,0.03,,0.07,0.02,,0.04,,0.02,,,,,,0,,,,0.01,0.07,,0.02,0.03,,,0.7,,,,,,0.08,0.04,0.14,0.41,,,,,,,,,,,,,,,,,,,,,,,7,6.15,0.16,,0.77,3.13,2.08,,,,,,0.84,0.08,0.47,0.19,0.08,0.17,,0,1.44,0.17,0.04,0.02,0.01,0.17,0.07,0.02,0.06,0.02,,,,,,,,,,,,,86.97,0.03,0.17,,0.05,,,,0.75,52.77,0.62,24.57,7.88,,,0.03,,,,1.43,,,,0.1,0.12,1.12,,,,,,,,,,,,,,,0.02,
Dec  2009,0.44,0.02,0.02,0.16,0.11,0.07,0.06,,,,,,,,0.03,0.02,0.01,0.51,1.59,0.08,,,0.03,0.03,0.03,,,,,,,,,,,,,,0.01,,0.09,,0.04,0.02,,0.07,0.02,,0.04,,0.02,,,,,,0,,,,0.01,0.06,,0.02,0.02,,,0.7,,,,,,0.09,0.04,0.17,0.37,,,,,,,,,,,,,,,,,,,,,,,7.05,6.17,0.18,,0.83,3.33,1.83,,,,,,0.87,0.09,0.48,0.19,0.09,0.1,,0,1.24,0.19,0.04,0.02,0.01,0.16,0.07,0.02,0.05,0.02,,,,,,,,,,,,,87.24,0.03,0.19,,0.06,,,0.02,0.78,54.29,0.61,25.51,5.64,,,0.02,,,,1.3,,,,0.12,0.16,0.94,,,,,,,,,,,,,,,0.02,
Nov  2009,0.36,0.02,0.02,0.13,0.09,0.06,0.03,,,,,,,,0.03,0.01,0.01,0.4,1.55,0.05,,,,0.02,,,,,,,,,,,,,,,0.01,,0.1,0.02,0.05,,,0.08,0.02,0.02,0.03,,0.02,,,,,,0,,,,0.01,0.07,,0.03,0.02,,,0.71,,,,,,0.1,0.05,0.23,0.3,,,,,,,,,,,,,,,,,,,,,,,6.75,5.85,0.21,,0.82,3.33,1.49,,,,,,0.9,0.1,0.48,0.19,0.1,0.07,,0,1.24,0.16,0.03,0.02,0.01,0.13,0.06,0.02,0.04,0.02,,,,,,,,,,,,,88.18,0.04,0.21,,0.05,,,,0.86,56.81,0.64,25.9,3.54,,,0.03,,,,1,,,,0.12,0.16,0.64,,,,,,,,,,,,,,,,
Oct  2009,0.3,0.02,0.02,0.12,0.07,0.06,,,,,,,,,0.02,0.02,0.01,0.42,1.51,0.03,,,0.02,0.02,,,,,,,,,,,,,,,0.01,,0.1,0.02,0.06,,,0.08,0.02,0.02,0.03,,0.02,,,,,,0,,,,0.02,0.07,,0.03,,,,0.68,,,,,,0.11,0.06,0.44,0.04,,,,,,,,,,,,,,,,,,,,,,,6.61,5.67,0.23,,0.84,3.4,1.2,,,,,,0.93,0.11,0.5,0.19,0.11,0.07,,0,1.37,0.16,0.03,0.02,0.01,0.12,0.06,0.02,0.03,0.02,,,,,,,,,,,,,88.34,0.03,0.22,,0.05,,,0.02,0.9,57.88,0.66,26.52,1.94,,,0.03,,,,0.94,,,,0.14,0.22,0.5,,,,,,,,,,,,,,,,
Sep  2009,0.21,0.02,0.02,0.07,0.06,0.04,,,,,,,,,0.03,0.02,0.01,0.41,1.51,0.03,,,0.03,,,,,,,,,,,,,,,,0.01,,0.1,0.03,0.06,,,0.08,0.02,0.02,0.03,,0.02,,,,,,0,,,,0.02,0.07,,0.03,,,,0.67,,,,,,0.12,0.07,0.45,,,,,,,,,,,,,,,,,,,,,,,,6.45,5.47,0.24,,0.86,3.55,0.81,,,,,,0.97,0.11,0.52,0.2,0.11,0.07,,0,1.31,0.17,0.03,0.02,0.01,0.12,0.06,0.02,0.03,0.03,,,,,,,,,,,,,88.68,0.03,0.24,0.02,0.05,,,0.02,0.99,59.08,0.72,26,1.41,,,0.03,,,,0.92,0.02,,,0.18,0.48,0.18,,,,,,,,,,,,,,,,
Aug  2009,0.21,0.02,0.02,0.07,0.06,0.04,,,,,,,,,0.04,0.02,0.01,0.4,1.57,0.05,,,0.04,,,,,,,,,,,,,,,,0.01,,0.11,0.03,0.06,,,0.08,0.02,0.02,0.03,,0.03,,,,,,0,,,,0.01,0.07,,0.03,,,,0.69,,,,,,0.13,0.08,0.45,,,,,,,,,,,,,,,,,,,,,,,,6.27,5.25,0.25,,0.91,4.03,0.05,,,,,,1.02,0.12,0.55,0.21,0.12,0.08,,0,1.37,0.21,0.03,0.02,0.01,0.13,0.07,0.02,0.03,0.03,,,,,,,,,,,,,88.56,0.02,0.26,0.02,0.06,,,0.02,1.05,59.11,0.73,26.04,1.12,,,0.04,,,,1.02,0.02,,0.02,0.24,0.67,,,,,,,,,,,,,,,,,
Jul  2009,0.2,0.03,0.02,0.06,0.05,0.03,,,,,,,,,0.05,0.02,0.01,0.38,1.66,0.05,,,0.05,,,,,,,,,,,,,,,,0.01,,0.11,0.02,0.07,,,0.09,0.03,0.03,0.03,,0.03,,,,,,0,,,,0.02,0.08,0.02,0.04,,,,0.73,,,,,,0.14,0.1,0.45,,,,,,,,,,,,,,,,,,,,,,,,6.36,5.25,0.28,,0.96,4,,,,,,,1.1,0.13,0.59,0.22,0.14,0.07,,0,1.31,0.21,0.03,0.02,0.01,0.12,0.07,,0.02,0.03,,,,,,,,,,,,,88.41,0.02,0.27,0.02,0.06,,,0.02,1.19,59.63,0.73,25.46,0.86,,,0.06,,,,1.12,0.03,,0.03,0.36,0.64,,,,,,,,,,,,,,,,,
Jun  2009,0.16,0.03,0.02,0.05,0.04,0.02,,,,,,,,,0.04,0.02,0.01,0.35,1.58,0.04,,,0.04,,,,,,,,,,,,,,,,0.01,,0.12,0.03,0.07,,,0.09,0.03,0.04,,,0.03,,,0.02,,,0,,,,0.02,0.08,0.02,0.05,,,,0.72,,,,,0.02,0.15,0.12,0.4,,,,,,,,,,,,,,,,,,,,,,,,5.87,4.79,0.3,,0.91,3.58,,,,,,,1.08,0.13,0.56,0.2,0.14,0.06,,0,1.09,0.18,0.02,0.02,0.01,0.1,0.06,,,0.02,,,,,,,,,,,,,89.44,0.02,0.29,0.02,0.06,,,0.02,1.25,61.51,0.71,24.72,0.69,,,0.07,,,,1.01,0.04,,0.03,0.69,0.19,,,,,,,,,,,,,,,,,
May  2009,0.15,0.03,0.02,0.04,0.03,0.02,,,,,,,,,0.04,0.02,0.01,0.33,1.53,0.03,,0.02,,,,,,,,,,,,,,,,,0.01,,0.12,0.03,0.07,,,0.08,0.03,0.04,,,0.03,,,,,,0,,,,0.01,0.08,0.02,0.04,,,,0.7,,,,,0.02,0.16,0.15,0.33,,,,,,,,,,,,,,,,,,,,,,,,5.86,4.72,0.35,,0.9,3.47,,,,,,,1.13,0.16,0.56,0.2,0.17,0.05,,0,1.06,0.17,0.02,,0.01,0.09,0.06,,,0.02,,,,,,,,,,,,,89.65,0.02,0.34,0.02,0.06,,,0.02,1.28,62.04,0.69,24.53,0.49,,,0.06,,,,0.97,0.03,,0.04,0.83,,,,,,,,,,,,,,,,,,
Apr  2009,0.15,0.03,0.03,0.04,0.03,0.02,,,,,,,,,0.04,0.02,0.01,0.32,1.49,0.03,,0.03,,,,,,,,,,,,,,,,,0.01,,0.11,0.03,0.07,,,0.09,0.03,0.05,,,0.03,,,,,,0,,,,0.02,0.08,0.02,0.04,,,,0.67,,,,0.02,0.02,0.19,0.34,0.09,,,,,,,,,,,,,,,,,,,,,,,,6.05,4.84,0.39,,0.96,3.49,,,,,,,1.21,0.17,0.6,0.21,0.19,0.05,,0,1.1,0.18,0.02,,0.01,0.09,0.06,,,0.02,,,,,,,,,,,,,89.5,0.02,0.34,0.02,0.06,,,0.02,1.36,62.56,0.69,23.96,0.28,,,0.08,,,,0.93,0.04,0.02,0.05,0.78,,,,,,,,,,,,,,,,,,